iso3,name,Time,enrolment_primary_female,enrolment_lower-secondary_female,enrolment_upper-secondary_female,enrolment_upper-secondary_male,enrolment_primary_male,enrolment_lower-secondary_male,primary_female,primary_male,lower-secondary_female,lower-secondary_male,upper-secondary_female,upper-secondary_male,region,academic_break,closed,open,partially_closed,tv,radio,internet
AFG,Afghanistan,2018.0,2549573.0,708606.0,367543.0,713477.0,3995333.0,1274263.0,2549573.0,3995333.0,1401143.0,1476686.0,1289337.0,1360804.0,South Asia,32.0,115.0,55.0,33.0,True,True,True
ALB,Albania,2019.0,79342.0,65721.0,54469.0,62177.0,87762.0,73705.0,79342.0,87762.0,66387.0,77068.0,59256.0,66593.0,Eastern Europe and Central Asia,77.0,41.0,92.0,25.0,True,True,True
AIA,Anguilla,2019.0,745.0,306.0,187.0,199.0,767.0,320.0,745.0,767.0,306.0,320.0,197.0,200.0,Latin America and Caribbean,62.0,20.0,93.0,60.0,False,False,False
ATG,Antigua and Barbuda,2018.0,4981.0,2236.0,1576.0,1425.0,5142.0,2619.0,4981.0,5142.0,2236.0,2619.0,1576.0,1425.0,Latin America and Caribbean,64.0,78.0,2.0,91.0,True,False,False
ARG,Argentina,2018.0,2345904.0,1349677.0,949778.0,880337.0,2430548.0,1402392.0,2345904.0,2430548.0,1349677.0,1402392.0,1041265.0,1077217.0,Latin America and Caribbean,33.0,111.0,3.0,88.0,True,True,True
ARM,Armenia,2019.0,72405.0,79019.0,39873.0,41186.0,82004.0,88894.0,78611.0,89508.0,86960.0,99969.0,46802.0,54190.0,Eastern Europe and Central Asia,120.0,45.0,40.0,30.0,True,False,True
AUS,Australia,2018.0,1093901.0,618881.0,505206.0,548725.0,1153974.0,707150.0,1093901.0,1153974.0,618881.0,707150.0,505206.0,548725.0,East Asia and Pacific,37.0,0.0,73.0,125.0,True,False,True
AUT,Austria,2018.0,163950.33333,165707.16667,162145.97738,183989.12857,175071.5,175543.83333,163950.33333,175071.5,165707.16667,175543.83333,171623.0,181507.0,Western Europe,58.0,71.0,85.0,21.0,True,False,True
AZE,Azerbaijan,2019.0,303173.0,303523.0,146953.0,165870.0,342219.0,351108.0,304588.0,354410.0,303523.0,351108.0,178913.0,204330.0,Eastern Europe and Central Asia,88.0,111.0,0.0,36.0,True,False,True
BHR,Bahrain,2019.0,57026.0,26095.0,23866.0,25074.0,58793.0,26968.0,58346.0,59803.0,25797.0,28250.0,23415.0,27574.0,Middle East and North Africa,62.0,108.0,0.0,65.0,False,False,True
BGD,Bangladesh,2018.0,8799033.0,4685559.0,3668287.0,3704135.0,8539067.0,3811839.0,8799033.0,8539067.0,4519143.0,4721485.0,6153871.0,6437513.0,South Asia,33.0,198.0,4.0,0.0,True,True,True
BRB,Barbados,2019.0,9588.0,5428.0,4093.0,4005.0,10307.0,5595.0,9588.0,10307.0,5428.0,5595.0,4093.0,4005.0,Latin America and Caribbean,65.0,44.0,41.0,85.0,False,False,True
BLR,Belarus,2018.0,207528.0,220032.0,93567.0,104717.0,220224.0,231041.0,207528.0,220224.0,224831.0,237272.0,93567.0,104717.0,Eastern Europe and Central Asia,76.0,0.0,159.0,0.0,False,False,True
BEL,Belgium,2018.0,401366.0,213876.0,395759.0,354885.0,419870.0,214814.0,401366.0,419870.0,213876.0,214814.0,395759.0,354885.0,Western Europe,57.0,36.0,102.0,40.0,True,False,True
BLZ,Belize,2019.0,24318.0,14995.0,5294.0,4561.0,26070.0,15791.0,24318.0,26070.0,15322.0,15747.0,7948.0,8029.0,Latin America and Caribbean,74.0,70.0,8.0,83.0,True,True,True
BEN,Benin,2016.0,1080674.0,334297.0,86836.0,167209.0,1187161.0,404657.0,1080674.0,1187161.0,494041.0,507197.0,336075.0,344524.0,West and Central Africa,54.0,21.0,105.0,55.0,True,True,True
BTN,Bhutan,2018.0,45224.0,29130.0,10516.0,10571.0,46544.0,26004.0,45224.0,46544.0,27397.0,28290.0,14026.0,14888.0,South Asia,0.0,99.0,2.0,134.0,True,True,True
BOL,Bolivia (Plurinational State of),2019.0,676361.0,219068.0,383379.0,397240.0,710183.0,241858.0,688488.0,718775.0,226858.0,236573.0,448892.0,467467.0,Latin America and Caribbean,40.0,192.0,1.0,2.0,True,True,True
BRA,Brazil,2018.0,7665623.0,6470366.0,4912208.0,4611488.0,8286290.0,6869846.0,7665623.0,8286290.0,6470366.0,6869846.0,4706761.0,5014221.0,Latin America and Caribbean,34.0,191.0,1.0,9.0,True,False,True
BRN,Brunei Darussalam,2019.0,19055.0,6610.0,14462.0,14553.0,20181.0,7054.0,19055.0,20181.0,6610.0,7054.0,16411.0,17397.0,East Asia and Pacific,35.0,44.0,117.0,39.0,True,False,True
BGR,Bulgaria,2018.0,127437.0,96003.0,137297.0,151830.0,135298.0,104535.0,146159.0,154308.0,129770.0,137761.0,137297.0,151830.0,Eastern Europe and Central Asia,70.0,80.0,41.0,44.0,True,False,True
BFA,Burkina Faso,2019.0,1584455.0,540984.0,128129.0,167589.0,1649329.0,505441.0,1680533.0,1740168.0,957813.0,995492.0,635494.0,660069.0,West and Central Africa,85.0,48.0,81.0,21.0,True,True,True
BDI,Burundi,2019.0,1109607.0,206731.0,141159.0,137693.0,1102925.0,164686.0,1109607.0,1102925.0,380281.0,381674.0,340213.0,339950.0,Eastern and Southern Africa,58.0,0.0,177.0,0.0,False,False,False
CPV,Cabo Verde,2018.0,30655.0,16074.0,11790.0,9442.0,33472.0,16049.0,30655.0,33472.0,16074.0,16049.0,14841.0,15040.0,West and Central Africa,48.0,101.0,86.0,0.0,True,True,True
CMR,Cameroon,2016.0,2106417.0,715287.0,297642.0,368379.0,2374818.0,825570.0,2106417.0,2374818.0,1094136.0,1107079.0,732835.0,740518.0,West and Central Africa,69.0,40.0,73.0,53.0,True,True,True
CAN,Canada,2018.0,1173157.0,610265.0,688774.0,719840.0,1233849.0,635320.0,1173157.0,1233849.0,610265.0,635320.0,688774.0,719840.0,North America,70.0,66.0,2.0,97.0,True,False,True
CAF,Central African Republic,2016.0,354910.0,34707.0,12008.0,18127.0,458857.0,54041.0,354910.0,458857.0,237266.0,238072.0,157253.0,157884.0,West and Central Africa,38.0,67.0,78.0,52.0,False,True,False
TCD,Chad,2019.0,1077141.0,133086.0,53201.0,122671.0,1391643.0,228430.0,1380212.0,1387758.0,784970.0,787385.0,519804.0,522226.0,West and Central Africa,50.0,119.0,44.0,22.0,True,False,True
CHL,Chile,2018.0,745274.0,242799.0,505436.0,515352.0,794811.0,258558.0,745274.0,794811.0,242799.0,258558.0,505436.0,515352.0,Latin America and Caribbean,33.0,67.0,3.0,132.0,True,True,True
CHN,China,2019.0,48550691.0,21718203.0,18658551.0,20698641.0,55774553.0,25026302.0,48550691.0,55774553.0,22922777.0,26618285.0,23063343.0,26509506.0,East Asia and Pacific,51.0,33.0,75.0,76.0,True,False,True
COL,Colombia,2019.0,2048757.0,1737447.0,724387.0,665192.0,2215231.0,1781336.0,2048757.0,2215231.0,1737447.0,1781336.0,827320.0,863377.0,Latin America and Caribbean,59.0,115.0,3.0,58.0,True,True,True
COM,Comoros,2018.0,60975.0,25521.0,11905.0,11035.0,63265.0,25234.0,61329.0,63527.0,36054.0,37271.0,24886.0,25711.0,Eastern and Southern Africa,25.0,128.0,54.0,28.0,False,False,True
COD,"Congo, Democratic Republic of the",2015.0,6807874.0,852833.0,939341.0,1527898.0,6955322.0,1298823.0,6807874.0,6955322.0,1792709.0,1811710.0,3188187.0,3212411.0,West and Central Africa,22.0,107.0,61.0,45.0,True,True,True
COK,Cook Islands,2019.0,898.0,600.0,316.0,301.0,973.0,602.0,898.0,973.0,600.0,602.0,398.0,404.0,East Asia and Pacific,40.0,19.0,176.0,0.0,False,False,False
CRI,Costa Rica,2019.0,243688.0,146696.0,108935.0,97013.0,253377.0,151672.0,243688.0,253377.0,146696.0,151672.0,108935.0,97013.0,Latin America and Caribbean,42.0,189.0,4.0,0.0,True,True,True
CIV,CÃ´te d'Ivoire,2019.0,1932299.0,747714.0,237061.0,331695.0,2071585.0,910673.0,1932299.0,2071585.0,1201340.0,1204879.0,837073.0,834754.0,West and Central Africa,63.0,34.0,106.0,32.0,True,True,True
HRV,Croatia,2018.0,78919.0,86712.0,78948.0,79006.0,82821.0,87794.0,83289.0,87678.0,86712.0,87794.0,85017.0,89619.0,Eastern Europe and Central Asia,55.0,40.0,130.0,10.0,True,False,True
CUB,Cuba,2019.0,358301.0,164093.0,213027.0,207844.0,392266.0,187035.0,358301.0,392266.0,181703.0,192410.0,213027.0,207844.0,Latin America and Caribbean,38.0,77.0,76.0,44.0,True,False,True
CYP,Cyprus,2018.0,27794.0,13224.0,13505.0,14635.0,29285.0,13602.0,27978.0,29218.0,13224.0,13602.0,13865.0,14420.0,Western Europe,83.0,48.0,67.0,37.0,True,False,True
CZE,Czechia,2018.0,284902.0,194118.0,190117.0,198561.0,298620.0,204318.0,284902.0,298620.0,198924.0,209453.0,190117.0,198561.0,Western Europe,54.0,68.0,31.0,82.0,True,False,True
DNK,Denmark,2018.0,227408.0,116591.0,142790.0,148007.0,240954.0,123859.0,227408.0,240954.0,116591.0,123859.0,142790.0,148007.0,Western Europe,44.0,37.0,115.0,39.0,False,False,True
DJI,Djibouti,2020.0,32168.0,20492.0,10716.0,12966.0,36966.0,24319.0,44550.0,49066.0,31420.0,39118.0,24725.0,29976.0,Eastern and Southern Africa,97.0,34.0,104.0,0.0,True,True,True
DMA,Dominica,2019.0,2969.0,1482.0,932.0,807.0,3175.0,1642.0,2969.0,3175.0,1482.0,1642.0,987.0,1025.0,Latin America and Caribbean,47.0,85.0,103.0,0.0,False,False,True
DOM,Dominican Republic,2019.0,621648.0,266028.0,218008.0,187119.0,678563.0,269437.0,621648.0,678563.0,284915.0,292870.0,284456.0,290540.0,Latin America and Caribbean,58.0,171.0,6.0,0.0,True,True,True
ECU,Ecuador,2018.0,952993.0,483033.0,456555.0,455523.0,979268.0,496537.0,952993.0,979268.0,483033.0,496537.0,458195.0,476726.0,Latin America and Caribbean,52.0,169.0,2.0,12.0,True,True,True
EGY,Egypt,2019.0,6459279.0,2617333.0,1929996.0,2076455.0,6805757.0,2790014.0,6459279.0,6805757.0,2617333.0,2790014.0,2508271.0,2656250.0,Middle East and North Africa,84.0,71.0,3.0,77.0,True,False,True
SLV,El Salvador,2018.0,318931.0,150116.0,107327.0,105684.0,343809.0,158449.0,341952.0,356941.0,174546.0,179775.0,185901.0,187608.0,Latin America and Caribbean,30.0,205.0,0.0,0.0,True,True,True
ERI,Eritrea,2018.0,157758.0,80526.0,41152.0,44913.0,191995.0,93830.0,250096.0,260986.0,129037.0,134329.0,139005.0,143618.0,Eastern and Southern Africa,14.0,68.0,112.0,41.0,False,False,False
EST,Estonia,2018.0,42778.0,19134.5,22438.917,22298.0,45329.0,20145.833,43741.0,46470.0,19134.5,20145.833,22438.917,22298.0,Western Europe,64.0,39.0,112.0,20.0,False,False,True
SWZ,Eswatini,2016.0,113911.0,35520.0,18132.0,19012.0,125117.0,35624.0,113911.0,125117.0,39870.0,40066.0,25409.0,26053.0,Eastern and Southern Africa,23.0,100.0,6.0,106.0,True,False,False
ETH,Ethiopia,2015.0,7630614.0,2046937.0,389852.0,405735.0,8567433.0,2186154.0,7630614.0,8567433.0,4874745.0,4983107.0,2239985.0,2294706.0,Eastern and Southern Africa,5.0,151.0,31.0,48.0,True,True,True
FIN,Finland,2018.0,179855.0,87868.0,192240.0,172761.0,188997.0,93600.0,179855.0,188997.0,87868.0,93600.0,192240.0,172761.0,Western Europe,73.0,42.0,120.0,0.0,True,True,True
FRA,France,2018.0,2097931.0,1645080.0,1342924.0,1387723.0,2204481.0,1733877.0,2097931.0,2204481.0,1645080.0,1733877.0,1342924.0,1387723.0,Western Europe,64.0,30.0,128.0,13.0,True,False,True
GEO,Georgia,2019.0,151199.0,69601.0,63921.0,71280.0,165343.0,78127.0,151654.0,167123.0,69601.0,78127.0,63921.0,71280.0,Eastern Europe and Central Asia,87.0,76.0,0.0,72.0,True,False,True
DEU,Germany,2018.0,1451942.0,2151034.0,1092973.39111,1330971.02853,1535170.0,2373819.0,1451942.0,1535170.0,2216999.0,2379787.0,1213890.0,1309468.0,Western Europe,51.0,42.0,92.0,50.0,False,False,True
GHA,Ghana,2019.0,2243694.0,831036.0,562747.0,610281.0,2306181.0,847096.0,2243694.0,2306181.0,961341.0,1003142.0,906256.0,947123.0,West and Central Africa,67.0,50.0,3.0,115.0,True,True,True
GRC,Greece,2018.0,312219.0,154136.0,163851.0,181042.0,330968.0,169167.0,313655.0,333633.0,154136.0,169167.0,163851.0,181042.0,Western Europe,77.0,61.0,44.0,53.0,True,False,True
GRD,Grenada,2018.0,6362.0,2745.0,1802.0,1728.0,6833.0,2860.0,6362.0,6833.0,2745.0,2860.0,1802.0,1728.0,Latin America and Caribbean,41.0,60.0,69.0,65.0,False,False,True
GTM,Guatemala,2019.0,1144226.0,362609.0,211233.0,204944.0,1221574.0,416279.0,1144226.0,1221574.0,573484.0,597791.0,571510.0,593627.0,Latin America and Caribbean,45.0,165.0,3.0,22.0,True,True,True
GIN,Guinea,2014.0,786925.0,192713.0,87288.0,141083.0,942705.0,294618.0,925960.0,938594.0,541162.0,551429.0,360879.0,366082.0,West and Central Africa,36.0,109.0,90.0,0.0,True,True,True
HND,Honduras,2019.0,540785.0,226621.0,130618.0,107793.0,563171.0,223203.0,591099.0,616011.0,304669.0,317202.0,204290.0,212827.0,Latin America and Caribbean,44.0,147.0,1.0,43.0,True,True,True
HUN,Hungary,2018.0,181621.0,189386.0,202641.0,214173.0,192216.0,202369.0,188384.0,197969.0,189386.0,202369.0,202641.0,214173.0,Western Europe,48.0,73.0,51.0,63.0,True,False,True
ISL,Iceland,2018.0,15702.0,6330.0,10915.0,11482.0,16719.0,6444.0,15702.0,16719.0,6330.0,6444.0,10915.0,11482.0,Western Europe,54.0,0.0,150.0,31.0,False,False,True
IND,India,2019.0,57647885.0,31065332.0,31325072.0,35431848.0,62416278.0,33110567.0,58936027.0,65060457.0,36189563.0,40294099.0,47530148.0,53418830.0,South Asia,0.0,146.0,0.0,89.0,True,False,True
IDN,Indonesia,2018.0,14056824.0,6697134.0,5543649.0,5630113.0,15368924.0,7022674.0,14056824.0,15368924.0,6828092.0,7246247.0,6766594.0,7157631.0,East Asia and Pacific,31.0,102.0,3.0,99.0,True,True,True
IRN,Iran (Islamic Republic of),2017.0,4096819.0,1506031.0,1224062.0,1314492.0,4074848.0,1639653.0,4096819.0,4074848.0,1620673.0,1703186.0,1604312.0,1657555.0,Middle East and North Africa,59.0,69.0,0.0,107.0,True,True,True
IRL,Ireland,2018.0,275444.0,118689.0,138139.0,117043.0,288860.0,117890.0,275444.0,288860.0,118689.0,117890.0,138139.0,117043.0,Western Europe,64.0,90.0,81.0,0.0,True,False,True
ISR,Israel,2018.0,457387.0,212024.0,198593.0,205533.0,478827.0,220624.0,457387.0,478827.0,212024.0,220624.0,198593.0,205533.0,Middle East and North Africa,63.0,65.0,33.0,74.0,True,False,True
ITA,Italy,2018.0,1370089.0,845383.0,1374128.0,1480434.0,1500674.0,930493.0,1370089.0,1500674.0,845383.0,930493.0,1374128.0,1480434.0,Western Europe,77.0,66.0,35.0,57.0,True,False,True
JOR,Jordan,2019.0,560999.0,302753.0,114812.0,105584.0,586203.0,309635.0,691709.0,710752.0,430512.0,438960.0,202148.0,205774.0,Middle East and North Africa,56.0,148.0,3.0,28.0,True,False,True
KAZ,Kazakhstan,2020.0,734243.0,739426.0,245827.0,258193.0,778834.0,780828.0,734243.0,778834.0,739426.0,780828.0,245827.0,258193.0,Eastern Europe and Central Asia,89.0,46.0,3.0,97.0,True,False,True
KOR,"Korea, Republic of",2018.0,1317732.0,646522.0,737224.0,810894.0,1401626.0,699339.0,1324104.0,1405907.0,670984.0,723684.0,737224.0,810894.0,East Asia and Pacific,12.0,50.0,57.0,116.0,True,False,True
KGZ,Kyrgyzstan,2019.0,267967.0,261853.0,80045.0,80963.0,283243.0,274915.0,267967.0,283243.0,261853.0,274915.0,96463.0,100221.0,Eastern Europe and Central Asia,81.0,74.0,3.0,77.0,True,False,True
LAO,Lao People's Democratic Republic,2019.0,371442.0,213964.0,103163.0,118545.0,399217.0,230483.0,371442.0,399217.0,289762.0,299269.0,209130.0,214714.0,East Asia and Pacific,54.0,42.0,84.0,55.0,True,True,True
LVA,Latvia,2018.0,59478.0,27180.0,29727.0,31098.0,62196.0,29321.0,59561.0,62584.0,27180.0,29321.0,29727.0,31098.0,Western Europe,76.0,43.0,103.0,13.0,True,False,True
LSO,Lesotho,2017.0,179834.0,56260.0,22058.0,15578.0,188097.0,42601.0,179834.0,188097.0,66704.0,66621.0,43206.0,43576.0,Eastern and Southern Africa,6.0,42.0,66.0,121.0,True,True,False
LBR,Liberia,2015.0,318022.0,61741.0,35465.0,49298.0,366382.0,80328.0,352566.0,365345.0,155424.0,160003.0,139958.0,143061.0,West and Central Africa,8.0,75.0,41.0,111.0,False,True,False
LIE,Liechtenstein,2018.0,942.0,722.0,671.5,888.5,1057.0,805.0,942.0,1057.0,763.0,771.0,671.5,888.5,Western Europe,58.0,28.0,112.0,37.0,False,False,False
LTU,Lithuania,2018.0,56863.0,79103.0,32395.0,36231.0,59763.0,85264.0,56863.0,59763.0,79103.0,85264.0,32395.0,36231.0,Western Europe,64.0,72.0,64.0,35.0,True,True,True
LUX,Luxembourg,2018.0,18493.0,10696.0,13236.0,13058.0,19680.0,11759.0,18493.0,19680.0,10696.0,11759.0,13371.0,14164.0,Western Europe,55.0,45.0,118.0,17.0,False,False,True
MDG,Madagascar,2019.0,2324568.0,563222.0,195565.0,197304.0,2324032.0,538429.0,2324568.0,2324032.0,1266758.0,1278264.0,886201.0,888761.0,Eastern and Southern Africa,86.0,12.0,70.0,67.0,True,True,False
MWI,Malawi,2019.0,2316197.0,368499.0,80119.0,88892.0,2277131.0,452337.0,2316197.0,2277131.0,918591.0,921924.0,414694.0,413928.0,Eastern and Southern Africa,48.0,69.0,79.0,39.0,False,True,True
MYS,Malaysia,2017.0,1508405.0,676259.0,692787.0,672255.0,1576225.0,703338.0,1508405.0,1576225.0,758722.0,807206.0,797867.0,848222.0,East Asia and Pacific,23.0,99.0,75.0,38.0,True,False,True
MDV,Maldives,2019.0,23838.0,8162.0,2138.0,1794.0,25535.0,9199.0,23996.0,26365.0,8162.0,9199.0,4919.0,5207.0,South Asia,35.0,70.0,118.0,12.0,True,False,True
MLI,Mali,2018.0,1153978.0,326243.0,139316.0,204517.0,1323103.0,376417.0,1611641.0,1664895.0,671282.0,690622.0,587143.0,601678.0,West and Central Africa,74.0,62.0,78.0,21.0,True,True,True
MLT,Malta,2019.0,12928.0,6070.0,8918.59,9020.73,13860.0,6718.5,12928.0,13860.0,6070.0,6718.5,8918.59,9020.73,Western Europe,85.0,68.0,70.0,12.0,False,False,True
MHL,Marshall Islands,2019.0,3474.0,1354.0,1572.0,1487.0,3760.0,1351.0,4449.0,4644.0,3010.0,3137.0,1572.0,1487.0,East Asia and Pacific,77.0,5.0,148.0,5.0,False,False,False
MRT,Mauritania,2019.0,344294.0,91966.0,39555.0,38738.0,333164.0,89614.0,344294.0,333164.0,192937.0,198307.0,132234.0,135948.0,West and Central Africa,40.0,92.0,103.0,0.0,True,True,True
MUS,Mauritius,2019.0,42597.0,28096.0,32460.0,31270.0,43133.0,30229.0,42254.0,43889.0,28096.0,30229.0,37031.0,38514.0,Eastern and Southern Africa,55.0,33.0,140.0,7.0,True,False,True
MEX,Mexico,2018.0,6896238.0,4400783.0,2864894.0,2775947.0,7165139.0,4119011.0,6896238.0,7165139.0,4400783.0,4119011.0,3309455.0,3399604.0,Latin America and Caribbean,47.0,180.0,8.0,0.0,True,True,True
MDA,"Moldova, Republic of",2019.0,66623.0,76570.0,31321.0,33400.0,72989.0,82857.0,75443.0,80507.0,90277.0,95746.0,35628.0,37888.0,Eastern Europe and Central Asia,55.0,80.0,100.0,0.0,True,False,True
MNG,Mongolia,2019.0,159912.0,91517.0,54986.0,55679.0,167107.0,92500.0,159912.0,167107.0,96284.0,98269.0,63193.0,64299.0,East Asia and Pacific,82.0,73.0,38.0,42.0,True,False,True
MNE,Montenegro,2019.0,18654.0,13771.0,13593.0,14578.0,20431.0,14954.0,18654.0,20431.0,14959.0,16501.0,15123.0,16573.0,Eastern Europe and Central Asia,92.0,63.0,80.0,0.0,True,False,True
MSR,Montserrat,2019.0,226.0,106.0,56.0,60.0,212.0,100.0,226.0,212.0,106.0,100.0,63.0,67.0,Latin America and Caribbean,25.0,61.0,135.0,14.0,False,False,False
MAR,Morocco,2019.0,2117180.0,829814.0,542396.0,567056.0,2315049.0,981525.0,2117180.0,2315049.0,886603.0,932598.0,868630.0,909841.0,Middle East and North Africa,43.0,87.0,85.0,20.0,True,False,True
MOZ,Mozambique,2017.0,2950069.0,394686.0,183255.0,221947.0,3188449.0,416326.0,2950069.0,3188449.0,1074207.0,1063133.0,653821.0,643820.0,Eastern and Southern Africa,18.0,126.0,8.0,83.0,True,True,True
MMR,Myanmar,2018.0,2573541.0,1561032.0,612039.0,515971.0,2726224.0,1497700.0,2573541.0,2726224.0,2014112.0,2031014.0,1033779.0,1038770.0,East Asia and Pacific,28.0,177.0,3.0,27.0,True,True,False
NRU,Nauru,2019.0,917.0,425.0,186.0,216.0,939.0,376.0,917.0,939.0,428.0,430.0,186.0,216.0,East Asia and Pacific,10.0,0.0,225.0,0.0,False,False,False
NPL,Nepal,2019.0,2009314.0,943410.0,838025.0,759022.0,1960702.0,923306.0,2009314.0,1960702.0,943410.0,923306.0,1256926.0,1280878.0,South Asia,32.0,131.0,6.0,66.0,True,True,True
NLD,Netherlands,2018.0,571172.0,381831.0,416943.0,413216.0,603846.0,420496.0,571172.0,603846.0,381831.0,420496.0,416943.0,413216.0,Western Europe,49.0,56.0,112.0,18.0,False,False,True
NZL,New Zealand,2018.0,189086.0,123624.0,123065.44657,112914.26066,199193.0,130295.0,189086.0,199193.0,123624.0,130295.0,123065.44657,112914.26066,East Asia and Pacific,62.0,14.0,133.0,26.0,True,False,True
NER,Niger,2017.0,1261370.0,273237.0,56498.0,87590.0,1506935.0,369257.0,1821655.0,1882447.0,973601.0,1007993.0,619158.0,642383.0,West and Central Africa,65.0,83.0,87.0,0.0,False,True,False
NGA,Nigeria,2016.0,12155241.0,2745941.0,2058117.0,2417192.0,13435940.0,3093546.0,14791478.0,15413289.0,6362846.0,6604487.0,5698640.0,5891582.0,West and Central Africa,56.0,91.0,58.0,30.0,True,True,True
NIU,Niue,2019.0,115.0,58.0,44.0,36.0,102.0,61.0,115.0,102.0,58.0,61.0,44.0,36.0,East Asia and Pacific,45.0,6.0,184.0,0.0,False,False,False
MKD,North Macedonia,2018.0,52974.0,40634.0,34126.0,37818.0,56844.0,43237.0,54018.0,57841.0,45972.0,48799.0,48539.0,51482.0,Eastern Europe and Central Asia,56.0,102.0,0.0,77.0,True,False,True
NOR,Norway,2018.0,217914.0,94917.0,119261.0,134588.0,229441.0,100564.0,217914.0,229441.0,94917.0,100564.0,119261.0,134588.0,Western Europe,54.0,22.0,149.0,10.0,True,False,True
OMN,Oman,2019.0,145370.0,166910.0,45250.0,47495.0,144675.0,176923.0,145370.0,144675.0,166910.0,176923.0,45250.0,47495.0,Middle East and North Africa,143.0,41.0,3.0,48.0,True,False,True
PAK,Pakistan,2019.0,10464369.0,3465087.0,2706971.0,3459480.0,13093355.0,4226007.0,11905385.0,12798191.0,6686733.0,7204093.0,8496276.0,9237534.0,South Asia,56.0,112.0,42.0,25.0,True,True,True
PLW,Palau,2014.0,749.0,236.0,558.0,559.0,890.0,251.0,749.0,890.0,236.0,251.0,558.0,559.0,East Asia and Pacific,56.0,40.0,139.0,0.0,False,False,False
PSE,"Palestine, State of",2019.0,242899.0,272235.0,132017.0,108140.0,254103.0,274796.0,248621.0,259918.0,274583.0,285935.0,151128.0,156522.0,Middle East and North Africa,36.0,83.0,0.0,116.0,True,True,True
PAN,Panama,2017.0,202660.0,99161.0,63770.0,58209.0,216192.0,101773.0,217086.0,226679.0,104685.0,108890.0,103458.0,107087.0,Latin America and Caribbean,23.0,211.0,1.0,0.0,True,True,True
PNG,Papua New Guinea,2016.0,588562.0,117392.0,88927.0,148620.0,686523.0,152339.0,588562.0,686523.0,178386.0,190099.0,339219.0,360336.0,East Asia and Pacific,35.0,30.0,170.0,0.0,False,False,False
PER,Peru,2019.0,1826267.0,865710.0,520867.0,533917.0,1888863.0,905294.0,1826267.0,1888863.0,865710.0,905294.0,520867.0,533917.0,Latin America and Caribbean,34.0,77.0,3.0,121.0,True,True,True
PHL,Philippines,2019.0,6350362.0,4156496.0,1586395.0,1437888.0,6844726.0,4165933.0,6505655.0,6802859.0,4108231.0,4374551.0,2007287.0,2150357.0,East Asia and Pacific,91.0,141.0,0.0,3.0,True,True,True
POL,Poland,2018.0,1103020.0,536110.0,617867.0,671825.0,1174463.0,566551.0,1145219.0,1205484.0,536110.0,566551.0,617867.0,671825.0,Western Europe,58.0,96.0,42.0,39.0,True,False,True
PRT,Portugal,2018.0,300441.0,176486.0,198603.0,202447.0,321219.0,189558.0,300441.0,321219.0,176486.0,189558.0,198603.0,202447.0,Western Europe,84.0,34.0,84.0,33.0,True,False,True
QAT,Qatar,2019.0,78020.0,30422.0,26557.0,28640.0,81089.0,31750.0,78020.0,81089.0,30422.0,31750.0,27506.0,36191.0,Middle East and North Africa,66.0,68.0,0.0,101.0,True,False,True
ROU,Romania,2018.0,458681.0,350885.0,358286.0,369625.0,489250.0,379152.0,527562.0,557954.0,400490.0,422922.0,394700.0,418761.0,Eastern Europe and Central Asia,78.0,108.0,0.0,49.0,True,False,True
RUS,Russian Federation,2018.0,3361128.0,3574896.0,1351385.0,1536735.0,3566852.0,3779388.0,3361128.0,3566852.0,3574896.0,3779388.0,1351385.0,1536735.0,Eastern Europe and Central Asia,68.0,0.0,102.0,65.0,True,False,True
RWA,Rwanda,2019.0,1243469.0,261223.0,129190.0,121776.0,1268996.0,219915.0,1243469.0,1268996.0,432546.0,429178.0,397264.0,392907.0,Eastern and Southern Africa,10.0,137.0,15.0,73.0,True,True,True
KNA,Saint Kitts and Nevis,2016.0,2688.0,1285.0,861.0,778.0,2764.0,1251.0,2688.0,2764.0,1285.0,1251.0,861.0,778.0,Latin America and Caribbean,82.0,55.0,98.0,0.0,False,False,False
LCA,Saint Lucia,2019.0,7813.0,3255.0,2325.0,2379.0,7880.0,3435.0,7813.0,7880.0,3624.0,3686.0,2672.0,2697.0,Latin America and Caribbean,63.0,100.0,20.0,52.0,False,True,True
VCT,Saint Vincent and the Grenadines,2018.0,6513.0,2941.0,1857.0,1651.0,6685.0,3359.0,6513.0,6685.0,2941.0,3359.0,1806.0,1936.0,Latin America and Caribbean,54.0,50.0,77.0,54.0,False,False,True
WSM,Samoa,2016.0,15783.0,4598.0,8556.0,7969.0,16846.0,4841.0,15783.0,16846.0,4598.0,4841.0,9266.0,10008.0,East Asia and Pacific,40.0,21.0,174.0,0.0,True,True,True
SMR,San Marino,2019.0,819.0,451.0,316.0,386.0,834.0,521.0,819.0,834.0,451.0,521.0,726.0,807.0,Western Europe,76.0,64.0,95.0,0.0,False,False,False
STP,Sao Tome and Principe,2017.0,18093.0,8565.0,5184.0,4257.0,19079.0,7869.0,18093.0,19079.0,8565.0,7869.0,6631.0,6762.0,West and Central Africa,90.0,42.0,81.0,22.0,True,True,False
SAU,Saudi Arabia,2019.0,1679409.0,755328.0,715848.0,887518.0,1711180.0,800664.0,1679409.0,1711180.0,755328.0,800664.0,715848.0,887518.0,Middle East and North Africa,72.0,163.0,0.0,0.0,True,False,True
SEN,Senegal,2019.0,1144547.0,423428.0,181846.0,177695.0,1027420.0,366875.0,1306802.0,1339555.0,736821.0,752204.0,495380.0,502333.0,West and Central Africa,63.0,63.0,62.0,47.0,True,False,True
SRB,Serbia,2019.0,127746.0,133243.0,125342.0,128759.0,136448.0,141414.0,128267.0,136869.0,133935.0,141435.0,138281.0,146046.0,Eastern Europe and Central Asia,74.0,77.0,84.0,0.0,True,False,True
SYC,Seychelles,2019.0,4678.0,2167.0,1535.0,1388.0,4705.0,2235.0,4678.0,4705.0,2167.0,2235.0,2499.0,2598.0,Eastern and Southern Africa,30.0,12.0,148.0,45.0,True,True,True
SLE,Sierra Leone,2017.0,750664.0,156525.0,85034.0,94187.0,736275.0,156394.0,750664.0,736275.0,266349.0,266949.0,321924.0,322250.0,West and Central Africa,68.0,53.0,100.0,14.0,False,True,False
SGP,Singapore,2018.0,114062.0,38441.0,42776.0,45189.0,119491.0,40303.0,114062.0,119491.0,38441.0,40303.0,42776.0,45189.0,East Asia and Pacific,50.0,19.0,128.0,38.0,False,False,True
SVK,Slovakia,2018.0,111837.0,123233.0,93477.0,94242.0,117619.0,131000.0,112351.0,117777.0,130971.0,137619.0,104803.0,110341.0,Western Europe,63.0,51.0,28.0,93.0,True,False,True
SVN,Slovenia,2018.0,62631.0,26475.0,45484.0,46982.0,66492.0,28062.0,62631.0,66492.0,26858.0,28517.0,45484.0,46982.0,Western Europe,58.0,83.0,55.0,39.0,True,False,True
ZAF,South Africa,2018.0,3671331.0,1004788.0,1501344.0,1390500.0,3897056.0,982328.0,3800943.0,3879665.0,1004788.0,982328.0,1437234.0,1456350.0,Eastern and Southern Africa,46.0,54.0,95.0,40.0,True,True,True
SSD,South Sudan,2015.0,520739.0,39433.0,17179.0,39302.0,753113.0,68221.0,862423.0,882821.0,256736.0,262101.0,481504.0,490441.0,Eastern and Southern Africa,21.0,141.0,9.0,64.0,False,True,False
ESP,Spain,2018.0,1482264.0,800669.0,853853.0,854930.0,1561132.0,861617.0,1482264.0,1561132.0,800669.0,861617.0,853853.0,854930.0,Western Europe,54.0,50.0,106.0,25.0,True,False,True
LKA,Sri Lanka,2018.0,849494.0,689950.0,704451.0,635512.0,875930.0,698052.0,849494.0,875930.0,689950.0,698052.0,704451.0,635512.0,South Asia,15.0,141.0,42.0,37.0,True,False,True
SDN,Sudan,2018.0,2433942.0,537185.0,568412.0,539474.0,2684198.0,571191.0,3197398.0,3285125.0,987518.0,1012822.0,1398789.0,1433099.0,Eastern and Southern Africa,146.0,86.0,3.0,0.0,False,False,False
SUR,Suriname,2015.0,34833.0,20522.0,9673.0,5696.0,37088.0,18830.0,34833.0,37088.0,19596.0,21108.0,14469.0,15464.0,Latin America and Caribbean,69.0,99.0,67.0,0.0,True,False,False
SWE,Sweden,2018.0,438196.0,187522.0,281591.0,270694.0,455299.0,194734.0,438196.0,455299.0,187522.0,194734.0,281591.0,270694.0,Western Europe,48.0,0.0,115.0,72.0,False,False,True
CHE,Switzerland,2018.0,249953.0,124891.0,164895.0,187852.0,264711.0,131240.0,249953.0,264711.0,124891.0,131240.0,164895.0,187852.0,Western Europe,52.0,29.0,152.0,2.0,False,False,True
TZA,"Tanzania, United Republic of",2019.0,5304648.0,1139596.0,65773.0,87647.0,5300782.0,1045441.0,5309703.0,5428124.0,2514353.0,2552936.0,1110014.0,1121695.0,Eastern and Southern Africa,31.0,52.0,132.0,20.0,True,True,False
THA,Thailand,2019.0,2376233.0,1423040.0,1461374.0,1501675.0,2522843.0,1633140.0,2376233.0,2522843.0,1423040.0,1633140.0,1461374.0,1501675.0,East Asia and Pacific,54.0,64.0,97.0,20.0,True,False,True
TLS,Timor-Leste,2019.0,100332.0,45847.0,37537.0,34011.0,106180.0,44265.0,100332.0,106180.0,46054.0,47422.0,46059.0,47279.0,East Asia and Pacific,22.0,56.0,157.0,0.0,True,False,True
TGO,Togo,2017.0,742158.0,240413.0,64996.0,113623.0,782033.0,308917.0,742158.0,782033.0,352921.0,355290.0,233690.0,235139.0,West and Central Africa,102.0,52.0,64.0,17.0,False,False,False
TKL,Tokelau,2019.0,82.0,70.0,22.0,9.0,85.0,85.0,82.0,85.0,70.0,85.0,37.0,36.0,East Asia and Pacific,29.0,0.0,198.0,8.0,False,False,False
TON,Tonga,2015.0,8052.0,6192.0,1536.0,1396.0,8930.0,6676.0,8052.0,8930.0,6192.0,6676.0,1998.0,2163.0,East Asia and Pacific,21.0,12.0,202.0,0.0,False,False,False
TUN,Tunisia,2016.0,549323.0,255511.0,282336.0,234565.0,589991.0,274623.0,549323.0,589991.0,255511.0,274623.0,314457.0,340531.0,Middle East and North Africa,71.0,75.0,3.0,86.0,True,False,True
TUR,Turkey,2018.0,2482867.0,2748614.0,2704248.0,2985179.0,2621732.0,2841520.0,2631273.0,2747059.0,2748614.0,2841520.0,2704248.0,2985179.0,Eastern Europe and Central Asia,62.0,129.0,3.0,41.0,True,False,True
TKM,Turkmenistan,2019.0,272340.0,268383.0,77514.0,80243.0,284844.0,280407.0,272340.0,284844.0,295446.0,302483.0,93941.0,96066.0,Eastern Europe and Central Asia,66.0,0.0,169.0,0.0,False,False,False
TCA,Turks and Caicos Islands,2018.0,1795.0,738.0,412.0,398.0,1885.0,768.0,1795.0,1885.0,893.0,932.0,589.0,612.0,Latin America and Caribbean,60.0,97.0,78.0,0.0,False,False,False
TUV,Tuvalu,2019.0,787.0,172.0,209.0,137.0,901.0,164.0,787.0,901.0,473.0,500.0,335.0,350.0,East Asia and Pacific,40.0,11.0,149.0,35.0,False,False,False
UKR,Ukraine,2014.0,825975.0,931884.0,376397.0,427979.0,859055.0,977386.0,825047.0,876300.0,953859.0,1006817.0,422822.0,443238.0,Eastern Europe and Central Asia,55.0,89.0,90.0,1.0,True,False,True
ARE,United Arab Emirates,2019.0,272883.0,165384.0,107520.0,119392.0,280795.0,163963.0,272883.0,280795.0,165384.0,163963.0,107520.0,119392.0,Middle East and North Africa,67.0,168.0,0.0,0.0,False,False,True
GBR,United Kingdom of Great Britain and Northern Ireland,2018.0,2387017.0,1264696.30361,1793524.7658,1760447.36786,2505485.0,1355022.15057,2387017.0,2505485.0,1264696.30361,1355022.15057,1793524.7658,1760447.36786,Western Europe,54.0,62.0,79.0,40.0,True,False,True
USA,United States of America,2018.0,12205274.5316,6176264.42185,5943304.6643,6246285.77109,12752681.36194,6505501.70774,12205274.5316,12752681.36194,6176264.42185,6505501.70774,6181748.0,6446347.0,North America,43.0,0.0,0.0,192.0,True,False,True
URY,Uruguay,2018.0,144325.0,89688.0,93812.0,80215.0,152466.0,92136.0,144325.0,152466.0,89688.0,92136.0,93812.0,80215.0,Latin America and Caribbean,84.0,20.0,37.0,94.0,True,False,True
UZB,Uzbekistan,2019.0,1212132.0,1256564.0,726851.0,738528.0,1293798.0,1351085.0,1212132.0,1293798.0,1288990.0,1353265.0,752699.0,785995.0,Eastern Europe and Central Asia,82.0,54.0,94.0,5.0,True,False,True
VUT,Vanuatu,2015.0,21741.0,7400.0,2670.0,2666.0,24190.0,7832.0,21741.0,24190.0,10781.0,11706.0,7545.0,7913.0,East Asia and Pacific,31.0,13.0,185.0,6.0,False,True,True
VEN,Venezuela (Bolivarian Republic of),2017.0,1586206.0,767726.0,449004.0,408151.0,1699093.0,766293.0,1652320.0,1729345.0,806792.0,843584.0,522026.0,542465.0,Latin America and Caribbean,62.0,170.0,3.0,0.0,True,True,True
VGB,Virgin Islands (British),2016.0,1544.0,687.0,369.0,303.0,1765.0,675.0,1544.0,1765.0,687.0,675.0,428.0,440.0,Latin America and Caribbean,66.0,43.0,6.0,120.0,False,False,False
YEM,Yemen,2016.0,1778284.0,482567.0,306027.0,454269.0,2121850.0,673008.0,2041605.0,2123537.0,936919.0,972954.0,886062.0,918384.0,Middle East and North Africa,48.0,70.0,90.0,27.0,True,False,False
